<?xml version="1.0" encoding="UTF-8"?>
<!DOCTYPE mapper PUBLIC "-//ibatis.apache.org//DTD Mapper 3.0//EN"      
 "http://ibatis.apache.org/dtd/ibatis-3-mapper.dtd">

<mapper namespace="com.cy.box.dao.BoxAppDao">

	<select id="loadBox" parameterType="String" resultType="com.cy.box.entity.Tvcode">
		select * from tvcode where mac=#{mac} and brandId=#{brandId}
	</select>

	<select id="searchUnload" resultType="String" parameterType="String">
		select syy_app_packageName from syy_app where unload ="1" and
		cy_brand_id=#{cy_brand_id}
	</select>

	<select id="searchPit" resultType="com.cy.box.entity.SyyPit"
		parameterType="map">
		select * from syy_pit where syy_pit_class = #{pitClass} and
		cy_brand_id=#{brandId} and lunchname=#{lunchname} order by
		syy_pit_local
	</select>

	<select id="searchPitOne" resultType="com.cy.box.entity.SyyPit"
		parameterType="map">
		select * from syy_pit where syy_pit_class = #{pitClass} and
		cy_brand_id=#{brandId} and lunchname=#{lunchname} and pushNumber=0
		order by syy_pit_local
	</select>

	<select id="searchPitTwo" resultType="com.cy.box.entity.SyyPit"
		parameterType="map">
		select * from syy_pit where syy_pit_class = #{pitClass} and
		cy_brand_id=#{brandId} and lunchname=#{lunchname} and pushNumber=1
		order by syy_pit_local
	</select>

	<select id="selectPitApp" parameterType="String"
		resultType="com.cy.box.entity.SyyApp">
		select * from syy_app where syy_app_id =#{appId}
	</select>

	<select id="selectNewThree" parameterType="String" resultType="String">
		select marquee from syy_special where cy_brand_id=#{cy_brand_id} and
		syy_special_type = "3" and lunchname=#{lunchname} order by
		syy_special_creater desc
	</select>

	<select id="loadAllLocation" resultType="com.cy.box.entity.SyyLocation">
		select * from syy_adv_location
	</select>

	<select id="selectAdver" parameterType="map" resultType="String">
		select cy_advertisement_imgAddress from cy_advertisement where
		cy_advertisement_id=#{advId}
	</select>

	<select id="selectAdById" parameterType="map"
		resultType="com.cy.box.entity.Advertisement">
		select * from cy_advertisement where cy_advertisement_id=#{advId} and
		cy_advertisement_brandId=#{brandId} and cid=#{cid}
	</select>

	<select id="selectAdByIdNo" parameterType="map"
		resultType="com.cy.box.entity.Advertisement">
		select * from cy_advertisement where cy_advertisement_id=#{advId} and
		cy_advertisement_brandId=#{brandId} and lunchname=#{lunchname}
	</select>

	<select id="loadMaxVersion" resultType="com.cy.box.entity.Versions"
		parameterType="map">
		select * from cy_versions where cy_brand_id=#{cy_brand_id} and
		cy_versions_name=#{cy_versions_name} and pushNumber=0
	</select>

	<select id="loadVersionsById" resultType="com.cy.box.entity.Versions"
		parameterType="int">
		select * from cy_versions where cy_versions_id=#{cy_versions_id}
	</select>


	<select id="loadVersionByVersions" resultType="com.cy.box.entity.Versions"
		parameterType="com.cy.box.entity.Versions">
		select * from cy_versions where cy_brand_id=#{cy_brand_id} and
		cy_versions_name=#{cy_versions_name} and
		cy_versions_versions=#{cy_versions_versions} and
		pushNumber=#{pushNumber}
	</select>

	<select id="loadBrandLogo" parameterType="String" resultType="String">
		select syy_special_fileOne from syy_special where
		cy_brand_id=#{cy_brand_id} and syy_special_type = "2" and
		syy_special_state = 1 and lunchname=#{lunchname}
	</select>

	<select id="loadCertoon" parameterType="String"
		resultType="com.cy.box.entity.Special">
		select * from syy_special where cy_brand_id=#{cy_brand_id} and
		syy_special_type = "1" and syy_special_state =1 and
		lunchname=#{lunchname}
	</select>

	<select id="loadadvIds" parameterType="int" resultType="String">
		select cy_advertisement_id from codeAndAdv where wid=#{wid}
	</select>

	<select id="loadBrandAllAdById" parameterType="map"
		resultType="com.cy.box.entity.Advertisement">
		select * from cy_advertisement where cy_advertisement_brandId=#{brandId} and
		cid=#{cid} and lunchname=#{lunchname}
	</select>

	<select id="speailOne" parameterType="int"
		resultType="com.cy.box.entity.CodeAndSpe">
		select * from codeAndSpe where wid = #{wid} and syy_special_type = 1 and
		syy_specail_time=(select max(syy_specail_time) from codeAndSpe where
		syy_special_type = 1 and wid = #{wid})
	</select>

	<select id="jzOne" parameterType="map" resultType="com.cy.box.entity.Special">
		select * from syy_special where syy_special_id =#{syy_special_id} and
		cid=#{cid} and lunchname=#{lunchname}
	</select>

	<select id="newOne" parameterType="map" resultType="com.cy.box.entity.Special">
		select * from syy_special where cy_brand_id=#{cy_brand_id} and cid=#{cid}
		and syy_special_type = 1 and syy_special_creater=(select
		max(syy_special_creater) from syy_special where
		cy_brand_id=#{cy_brand_id} and cid=#{cid} and syy_special_type = 1 and
		lunchname=#{lunchname}) and lunchname=#{lunchname}
	</select>

	<select id="speailTwo" parameterType="int"
		resultType="com.cy.box.entity.CodeAndSpe">
		select * from codeAndSpe where wid = #{wid} and syy_special_type = 2 and
		syy_specail_time=(select max(syy_specail_time) from codeAndSpe where
		syy_special_type = 2 and wid = #{wid})
	</select>

	<select id="newTwo" parameterType="map" resultType="com.cy.box.entity.Special">
		select * from syy_special where cy_brand_id=#{cy_brand_id} and cid=#{cid}
		and syy_special_type = 2 and syy_special_creater=(select
		max(syy_special_creater) from syy_special where
		cy_brand_id=#{cy_brand_id} and cid=#{cid} and syy_special_type = 2 and
		lunchname=#{lunchname}) and lunchname=#{lunchname}
	</select>

	<select id="speailThree" parameterType="int"
		resultType="com.cy.box.entity.CodeAndSpe">
		select * from codeAndSpe where wid = #{wid} and syy_special_type = 3 and
		syy_specail_time=(select max(syy_specail_time) from codeAndSpe where
		syy_special_type = 3 and wid = #{wid})
	</select>

	<select id="newThree" parameterType="map" resultType="com.cy.box.entity.Special">
		select * from syy_special where cy_brand_id=#{cy_brand_id} and cid=#{cid}
		and syy_special_type = 3 and syy_special_creater=(select
		max(syy_special_creater) from syy_special where
		cy_brand_id=#{cy_brand_id} and cid=#{cid} and syy_special_type = 3 and
		lunchname=#{lunchname}) and lunchname=#{lunchname}
	</select>

	<select id="casList" parameterType="int"
		resultType="com.cy.box.entity.CodeAndSyy">
		select * from codeAndSyy where wid = #{wid}
	</select>

	<select id="findMacByMacAndBrand" parameterType="com.cy.box.entity.Tvcode"
		resultType="com.cy.box.entity.Tvcode">
		select * from tvcode where mac=#{mac} and brandId=#{brandId}
	</select>

	<select id="selectCodeVersions" resultMap="codeVersions">
		select * from codeAndVersions ca left join cy_versions cv on
		ca.cy_versions_id=cv.cy_versions_id where ca.wid=#{wid}
	</select>

	<resultMap type="com.cy.box.entity.CodeAndVersions" id="codeVersions">
		<id property="ctid" column="ctid" />
		<association property="tvcode" javaType="com.cy.box.entity.Tvcode">
			<id property="wid" column="wid" />
		</association>
		<association property="version" javaType="com.cy.box.entity.Versions">
			<id property="cy_versions_id" column="cy_versions_id" />
			<result property="cy_versions_name" column="cy_versions_name" />
			<result property="cy_versions_versions" column="cy_versions_versions" />
			<result property="cy_versions_type" column="cy_versions_type" />
			<result property="cy_versions_info" column="cy_versions_info" />
			<result property="cy_versions_struts" column="cy_versions_struts" />
			<result property="cy_versions_createTime" column="cy_versions_createTime" />
			<result property="cy_versions_path" column="cy_versions_path" />
			<result property="cy_versions_localPath" column="cy_versions_localPath" />
			<result property="cy_versions_creater" column="cy_versions_creater" />
			<result property="cy_versions_size" column="cy_versions_size" />
			<result property="cy_versions_md5" column="cy_versions_md5" />
			<result property="cy_brand_id" column="cy_brand_id" />
			<result property="pushNumber" column="pushNumber" />
		</association>
	</resultMap>

	<select id="searchAppClass" parameterType="map"
		resultType="com.cy.box.entity.SyyAppClass">
		select appClassName, appClassPackageName, appClass from syy_appClass where
		cy_brand_id=#{cy_brand_id} and lunchname=#{lunchname} and cid=#{cid}
	</select>

	<select id="loadTuiSongVersion" resultType="com.cy.box.entity.Versions"
		parameterType="map">
		select * from cy_versions where cy_brand_id=#{cy_brand_id} and
		cy_versions_name=#{cy_versions_name} and status=1
	</select>

</mapper>