<?xml version="1.0" encoding="UTF-8"?>
<!DOCTYPE mapper PUBLIC "-//ibatis.apache.org//DTD Mapper 3.0//EN"      
 "http://ibatis.apache.org/dtd/ibatis-3-mapper.dtd">

<mapper namespace="com.cy.box.dao.TestAppDao">

	<select id="findProduceByProduce" parameterType="com.cy.box.entity.Tv_produce"
		resultType="com.cy.box.entity.Tv_produce">
		select * from tv_produce
		where mac=#{mac}
	</select>

	<insert id="addTestData" parameterType="com.cy.box.entity.Tv_produce">
		insert into tv_produce
		(wid,
		tv_mac_status,
		mac,
		tv_product_id,
		test_hdmi,
		tv_av,
		tv_usb_interface_01,
		tv_usb_interface_02,
		tv_usb_interface_03,
		tv_usb_interface_04,
		tv_tfcard,
		tv_ethernet_info,
		tv_wifi_info,
		tv_led,
		tv_control,
		tv_bluetooth,
		tv_storage_capacity,
		tv_software_version,
		tv_hardware_version,
		tv_equiment_model,
		tv_sn_code,
		tv_burnin_time)
		values(
		#{wid},
		#{tv_mac_status},
		#{mac},
		#{tv_product_id},
		#{test_hdmi},
		#{tv_av},
		#{tv_usb_interface_01},
		#{tv_usb_interface_02},
		#{tv_usb_interface_03},
		#{tv_usb_interface_04},
		#{tv_tfcard},
		#{tv_ethernet_info},
		#{tv_wifi_info},
		#{tv_led},
		#{tv_control},
		#{tv_bluetooth},
		#{tv_storage_capacity},
		#{tv_software_version},
		#{tv_hardware_version},
		#{tv_equiment_model},
		#{tv_sn_code},
		#{tv_burnin_time}
		)
	</insert>


	<update id="updateProduceByProduce" parameterType="com.cy.box.entity.Tv_produce">
		update tv_produce

		<set>
			<trim suffixOverrides=",">
				<if test="wid!=null">
					wid=#{wid},
				</if>
				<if test="tv_mac_status!=null">
					tv_mac_status=#{tv_mac_status},
				</if>
				<if test="mac!=null">
					mac=#{mac},
				</if>
				<if test="tv_product_id!=null">
					tv_product_id=#{tv_product_id},
				</if>
				<if test="test_hdmi!=null">
					test_hdmi=#{test_hdmi},
				</if>
				<if test="tv_av!=null">
					tv_av=#{tv_av},
				</if>
				<if test="tv_usb_interface_01!=null">
					tv_usb_interface_01=#{tv_usb_interface_01},
				</if>
				<if test="tv_usb_interface_02!=null">
					tv_usb_interface_02=#{tv_usb_interface_02},
				</if>
				<if test="tv_usb_interface_03!=null">
					tv_usb_interface_03=#{tv_usb_interface_03},
				</if>
				<if test="tv_usb_interface_04!=null">
					tv_usb_interface_04=#{tv_usb_interface_04},
				</if>
				<if test="tv_tfcard!=null">
					tv_tfcard=#{tv_tfcard},
				</if>
				<if test="tv_ethernet_info!=null">
					tv_ethernet_info=#{tv_ethernet_info},
				</if>
				<if test="tv_wifi_info!=null">
					tv_wifi_info=#{tv_wifi_info},
				</if>
				<if test="tv_led!=null">
					tv_led=#{tv_led},
				</if>
				<if test="tv_control!=null">
					tv_control=#{tv_control},
				</if>
				<if test="tv_bluetooth!=null">
					tv_bluetooth=#{tv_bluetooth},
				</if>
				<if test="tv_storage_capacity!=null">
					tv_storage_capacity=#{tv_storage_capacity},
				</if>
				<if test="tv_software_version!=null">
					tv_software_version=#{tv_software_version},
				</if>
				<if test="tv_hardware_version!=null">
					tv_hardware_version=#{tv_hardware_version},
				</if>
				<if test="tv_equiment_model!=null">
					tv_equiment_model=#{tv_equiment_model},
				</if>
				<if test="tv_sn_code!=null">
					tv_sn_code=#{tv_sn_code},
				</if>
				<if test="tv_burnin_time!=null">
					tv_burnin_time=#{tv_burnin_time}
				</if>
			</trim>
		</set>
		<where>
			tv_test_id=#{tv_test_id}
		</where>
	</update>

	<select id="findMacByProduce" parameterType="string"
		resultType="com.cy.box.entity.Tvcode">
		select * from tvcode where mac=#{mac}
	</select>
</mapper>