<?xml version="1.0" encoding="UTF-8"?>
<!DOCTYPE mapper PUBLIC "-//ibatis.apache.org//DTD Mapper 3.0//EN"      
 "http://ibatis.apache.org/dtd/ibatis-3-mapper.dtd">

<mapper namespace="com.cy.box.dao.WebCrawlerDao">

	<select id="loadLunchName" resultType="String">
		select lunchname from cy_lunch where cy_brand_id=707
	</select>

	<select id="loadcus" resultType="com.cy.box.entity.SyycusRelation">
		select cid, customerName from syy_cusRelation where cy_brand_id=707
	</select>

	<insert id="saveAdvertisement" parameterType="com.cy.box.entity.Advertisement">
		insert into cy_advertisement
		(cy_advertisement_id,cy_advertisement_name,cy_advertisement_videoAddress,cy_advertisement_imgAddress,cy_advertisement_updateTime,cy_advertisement_category,cy_advertisement_localAdAdd,cy_advertisement_localImgAdd,cy_advertisement_info,cy_advertisement_attribute,cy_advertisement_place,cy_advertisement_brandId,cy_advertisement_creater,cid,lunchname,advLink,cy_advertisement_price)
		values
		(#{cy_advertisement_id},#{cy_advertisement_name},#{cy_advertisement_videoAddress},#{cy_advertisement_imgAddress},#{cy_advertisement_updateTime},#{cy_advertisement_category},#{cy_advertisement_localAdAdd},#{cy_advertisement_localImgAdd},#{cy_advertisement_info},#{cy_advertisement_attribute},#{cy_advertisement_place},#{cy_advertisement_brandId},#{cy_advertisement_creater},#{cid},#{lunchname},#{advLink},#{cy_advertisement_price})
	</insert>

	<select id="searchAdvNum" parameterType="map"
		resultType="com.cy.box.entity.Advertisement">
		select * from cy_advertisement where lunchname=#{lunchname} and cid=#{cid}
		and cy_advertisement_brandId="707"
	</select>


</mapper>