﻿<?xml version="1.0" encoding="UTF-8"?>

<beans xmlns="http://www.springframework.org/schema/beans"
	xmlns:xsi="http://www.w3.org/2001/XMLSchema-instance" xmlns:context="http://www.springframework.org/schema/context"
	xmlns:util="http://www.springframework.org/schema/util" xmlns:aop="http://www.springframework.org/schema/aop"
	xmlns:tx="http://www.springframework.org/schema/tx" xmlns:jpa="http://www.springframework.org/schema/data/jpa"
	xmlns:mvc="http://www.springframework.org/schema/mvc"
	xsi:schemaLocation="
		http://www.springframework.org/schema/beans http://www.springframework.org/schema/beans/spring-beans-3.2.xsd
		http://www.springframework.org/schema/context http://www.springframework.org/schema/context/spring-context-3.2.xsd
		http://www.springframework.org/schema/util http://www.springframework.org/schema/util/spring-util-3.2.xsd
		http://www.springframework.org/schema/aop http://www.springframework.org/schema/aop/spring-aop-3.2.xsd
		http://www.springframework.org/schema/tx http://www.springframework.org/schema/tx/spring-tx-3.2.xsd
		http://www.springframework.org/schema/data/jpa http://www.springframework.org/schema/data/jpa/spring-jpa-1.3.xsd
		http://www.springframework.org/schema/mvc http://www.springframework.org/schema/mvc/spring-mvc-3.2.xsd">


	<bean id="dbcp" class="org.apache.commons.dbcp.BasicDataSource">
		<property name="username" value="jhz">
		</property>
		<property name="password" value="jhzmysql_server">
		</property>
		<property name="driverClassName" value="com.mysql.jdbc.Driver">
		</property>
		<property name="url"
			value="jdbc:mysql://47.74.180.252:3306/cy_bg3d?useUnicode=true&amp;characterEncoding=utf8">
		</property>
	</bean>


	<!--<bean id="dbcp" class="org.apache.commons.dbcp.BasicDataSource"> <property 
		name="username" value="root"> </property> <property name="password" value="admin123"> 
		</property> <property name="driverClassName" value="com.mysql.jdbc.Driver"> 
		</property> <property name="url" value="jdbc:mysql://120.76.117.32:3306/cy_bg3d?useUnicode=true&amp;characterEncoding=utf8"> 
		</property> </bean> -->

	<bean id="ssf" class="org.mybatis.spring.SqlSessionFactoryBean">
		<!-- 注入连接信息 -->
		<property name="dataSource" ref="dbcp">
		</property>
		<!-- 注入sql定义文件信息 -->
		<property name="mapperLocations" value="classpath:com/cy/box/sql/*.xml">
		</property>
	</bean>

	<bean class="org.mybatis.spring.mapper.MapperScannerConfigurer">
		<!-- 扫描包下所有接口,生成实现对象 -->
		<property name="basePackage" value="com.cy.box.dao">
		</property>
		<!-- 注入SqlSessionFactory,可以省略 -->
		<property name="sqlSessionFactory" ref="ssf">
		</property>
	</bean>




</beans>

